,Dis2P,Biolord,Control,Dis2P_var,Biolord_var,Control_var
20,0.25547388675270516,-0.07631668999856257,-0.08062396049679553,0.044641891754175315,-0.06853715205336305,-0.041128707377916525
all,0.7122335321932178,0.47436145275939817,0.6167782925281005,0.6790514881101057,0.4931799648016834,0.6732518751192829
