,Dis2P,Biolord,scdisinfact,Control
20,0.25231580263469605,0.29062996619274445,0.3320861055436505,0.26613611455883657
all,0.0641479825178996,0.08400994963315284,0.10329493362582388,0.035201113866794545
