,Dis2P,Biolord,scdisinfact,Control,Dis2P_var,Biolord_var,scdisinfact_var,Control_var
20,0.8900634807045575,-0.07286521411120132,-0.09965676236333096,-0.32395844476419505,0.7771251245446883,-0.18385327977062146,-0.2441909767057856,-0.3119011491923065
all,0.49034335334317247,0.5030994235805656,0.3564262520727217,0.28212041191056053,0.5722233275919821,0.43145005059956704,0.3833923930447421,0.29253236903004143
