,Dis2P,Biolord,scdisinfact,Control,Dis2P_var,Biolord_var,scdisinfact_var,Control_var
20,0.5588762341805336,0.3493023077925988,0.3686649586672801,-0.17746426083133912,0.0036267761346704193,0.6179525255884027,0.6939506740311636,-0.14375467544325962
all,0.7248596087299075,0.43476214609837094,0.5698920093593066,0.780245429587767,0.8136295680196516,0.44176655219737276,0.6641538756747613,0.7771387693622678
