,Dis2P,Biolord,Control
20,0.37838019663900363,0.400648831542628,0.413674067481851
all,0.06908800384350071,0.1066022540416887,0.04818161175465074
