,Dis2P,Biolord,Dis2P_var,Biolord_var
20,0.35491929544271855,0.18832230415937978,0.10658903129377938,0.09008914066188141
all,0.4580680492499995,0.26967689942877987,0.00810056435367772,-0.24890422681173086
