,Dis2P,Biolord,scdisinfact,Dis2P_var,Biolord_var,scdisinfact_var
20,0.7299148800210621,0.6081410544916206,0.5852105822695098,0.6418676488361443,0.6244862835018283,0.6267581592136326
all,0.4002551798113956,0.4147344984545898,0.2403929529783779,0.15182576965270306,0.09891950798254702,0.06997326057682732
