,Dis2P,Biolord,scdisinfact,Control
20,0.5060770746431047,0.5360123283410223,0.581306092862417,0.6368097868566907
all,0.10824920517819529,0.10929539139984475,0.1311428377223142,0.08836222101228551
