,Dis2P,Biolord,scdisinfact,Dis2P_var,Biolord_var,scdisinfact_var
20,0.9079140514335866,0.6070623658555858,0.6787357858589429,0.25397011088331906,0.8609550364804149,0.7047786297575886
all,0.14457710760809878,0.15674331757431095,0.22324918751708417,0.17666940448591098,-0.05989570903631348,-0.07750198930113637
