,Dis2P,Biolord,scdisinfact,Dis2P_var,Biolord_var,scdisinfact_var
20,0.945557753107088,0.7601179363242114,0.9044332842964866,0.7397375679002577,0.6700372590656887,0.33252481887374685
all,0.6908631153746579,0.7080863468438466,0.5127107757386434,0.1855094471052617,0.23479147770195652,0.14126097384380873
