,Dis2P,Biolord,scdisinfact,Control
20,0.5425685345014242,0.5444964724766418,0.623993952024355,0.7977917325052027
all,0.06619382145296243,0.056162406677231526,0.041854210593704394,0.015663280649555456
