,Dis2P,Biolord,scdisinfact,Dis2P_var,Biolord_var,scdisinfact_var
20,0.9299094977396563,0.8301963424450413,0.8625301245058541,0.4102989462422579,0.23391736122161985,0.3034444096811988
all,0.818594098113129,0.4546645987536967,0.20960369721350328,0.16282442161185148,0.124093543373043,0.09383790183672497
