,Dis2P,Biolord,scdisinfact,Control
20,0.6493725397167286,0.7323418117375058,1.4324402994635768,1.6573088590402514
all,0.08999030028524511,0.12866468453218668,0.07207741413014694,0.040958129713717185
