,Dis2P,Biolord,scdisinfact,Control,Dis2P_var,Biolord_var,scdisinfact_var,Control_var
20,0.937777581119048,0.9629064700820065,0.9274355089040278,0.8146780365443361,0.6616011662328359,0.7613167995340343,0.45156731265205247,0.4620905805967309
all,0.9316279400652663,0.8987698126509109,0.9692756530712484,0.8305529204456534,0.8102528895757154,0.7911287460062487,0.725492084992344,0.8979015822673748
