,Dis2P,Biolord,scdisinfact,Control,Dis2P_var,Biolord_var,scdisinfact_var,Control_var
20,0.9191298529710556,0.5890871684449925,0.9449146216941579,0.7699394235134165,0.46811988354467626,0.28723508316973834,0.24857178463269505,0.2815301894414257
all,0.832791445856779,0.6335030744387327,0.9435011717867459,0.8180491389082111,0.717266119349527,0.5337117432209278,0.6574900117297475,0.8894328728004046
