,Dis2P,Biolord,scdisinfact,Control
20,0.7612387089463575,1.175524045223185,1.3869317875130722,1.5997788280000118
all,0.09088235550924792,0.10908036714430396,0.05428366492380807,0.034474113981306384
