,Dis2P,Biolord,scdisinfact,Dis2P_var,Biolord_var,scdisinfact_var
20,0.8529089139197228,0.49300373677959686,0.870175149548921,0.4119938383226769,0.4116230357286469,0.39936625499428413
all,0.507831008452327,0.5160713525656764,0.45393886804947914,-0.019668857417464942,-0.00019566268818944668,-0.0213925387778026
