,Dis2P,Biolord,scdisinfact,Control
20,0.35178156418465045,0.41561014115867856,0.3859757878445235,0.5099261144355669
all,0.05917034030080599,0.051234353802977736,0.039331796602172495,0.0118681605995881
