,Dis2P,Biolord,scdisinfact,Control
20,0.44842095911421176,0.5504957917610087,0.5283199369845042,0.6914735078310466
all,0.07802386900592687,0.06178027880850344,0.046400905901968006,0.016758192608917796
