,Dis2P,Biolord,scdisinfact,Dis2P_var,Biolord_var,scdisinfact_var
20,0.9096516495090001,0.9511980446867417,0.8694594549992365,0.4106854996051968,0.426801403851165,0.2900944487660035
all,0.8119831214335368,0.7297653329433583,0.5510743395229152,-0.07111371061108859,-0.06983777348565563,-0.09094165099274705
