,Dis2P,Biolord,scdisinfact,Control
20,0.6222178540797111,0.6338461495790426,1.2058333829611703,1.3208858885056478
all,0.062198285589675176,0.09066798162692372,0.05703479920500534,0.03135592837613974
