,Dis2P,Biolord,scdisinfact,Control,Dis2P_var,Biolord_var,scdisinfact_var,Control_var
20,0.9738922906080668,0.684474442987651,0.9620128962088151,0.8076266154409513,0.6547062888188805,0.41116395842225434,0.44443983456858804,0.5294906277814418
all,0.9035385931652653,0.8049337584772346,0.957993506220995,0.810065200949093,0.7978082364587531,0.6884663084408916,0.6564781835864502,0.8845583273178391
