,Dis2P,Biolord,scdisinfact,Control
20,0.40748885658749046,0.3677025228550051,0.5372470485475251,0.7016847120106091
all,0.05900952489864701,0.047255829867557046,0.03971870935220637,0.013448729546245557
