,Dis2P,Biolord,scdisinfact,Control,Dis2P_var,Biolord_var,scdisinfact_var,Control_var
20,0.9363524745144416,0.8500081397184798,0.8815221497843212,0.703752563362858,0.4605822164889486,0.10833524472626681,0.37493454701453294,0.039218495568479776
all,0.9261796829768313,0.778224573548676,0.889865758792859,0.7541074659493465,0.740053611802871,0.5853846344514239,0.5015687726533297,0.6579172377030903
