,Dis2P,Biolord,scdisinfact,Dis2P_var,Biolord_var,scdisinfact_var
20,0.8547160642880023,0.9408447371906344,0.742957377655175,0.4320214372193793,0.3472024253257553,0.37960967838766196
all,0.7824476221346286,0.6801147071867546,0.10407591670553977,0.012186858056985979,-0.01307491591866704,-0.03467507318981357
