,Dis2P,Biolord,scdisinfact,Control
20,0.3993884880666344,0.5598859944666262,0.5049796143101399,0.6397454847460262
all,0.06842550795253047,0.05508189726613666,0.042001000033628506,0.015601534965869749
