,Dis2P,Biolord,scdisinfact,Control,Dis2P_var,Biolord_var,scdisinfact_var,Control_var
20,0.8597680576773074,0.81185371851616,0.8780369188461207,0.6473141824885122,0.5475374874932195,0.5159874874934649,0.5085056330005968,-0.11168375217370126
all,0.9143333244068984,0.8708552545588246,0.8910010810696145,0.8065501344333446,0.7664017419673013,0.7627339959986645,0.5577721891487166,0.7203049597917249
