,Dis2P,Biolord,scdisinfact,Control,Dis2P_var,Biolord_var,scdisinfact_var,Control_var
20,0.8546363280768915,0.6668475587637115,0.9357625507641658,0.7958650649089851,0.7397195130745275,0.7757733092367703,0.7723322292689099,0.4522738445294393
all,0.8590476277523273,0.6329237287226287,0.9529009575062024,0.8471484688248755,0.7908622845191631,0.5696058223224334,0.7379734313238835,0.8814633598423588
