,Dis2P,Biolord,scdisinfact,Dis2P_var,Biolord_var,scdisinfact_var
20,0.7977645595265036,0.6188641772721045,0.9243266828032138,0.12573395743535143,0.41829411120213916,0.07765290820548243
all,0.6541594921326199,0.4973832543403235,0.5108291493539887,0.21470922523018723,0.2297525379324324,0.18541139245953614
