,Dis2P,Biolord,scdisinfact,Dis2P_var,Biolord_var,scdisinfact_var
20,0.846185115136462,0.7925219126525775,0.8735681547727356,0.6384360408146154,0.6047265214423646,0.5032085781810001
all,0.8042649522757024,0.6700486865683919,0.1308343755189288,0.24008205395195875,0.23113156169227017,0.18667567898797566
