,Dis2P,Biolord,scdisinfact,Control,Dis2P_var,Biolord_var,scdisinfact_var,Control_var
20,0.9547784298224806,0.7784519312359912,0.9119403103759806,0.7956485930142522,0.6454197483639347,0.6807184617072292,0.47884269991374384,0.129872532485718
all,0.8739602729441843,0.7549085610341117,0.9386037750989789,0.8051516417606491,0.7802285583647305,0.6800295111977289,0.5998808111469168,0.8139792617537728
