,Dis2P,Biolord,scdisinfact,Control,Dis2P_var,Biolord_var,scdisinfact_var,Control_var
20,0.8861194967732423,0.9569774368363604,0.9081336736802934,0.9139161983044697,0.6505475107987571,0.2706652034410469,0.5723083763688314,0.31511307631662866
all,0.9142923985159429,0.9010748677676481,0.8928880690054257,0.8203587987247173,0.7679205075659239,0.7550172118284469,0.5667181155608377,0.8024074158646896
