,Dis2P,Biolord,scdisinfact,Dis2P_var,Biolord_var,scdisinfact_var
20,0.9692109403769924,0.6472947601008009,0.959965847599298,-0.10785383288779522,-0.006345777268095432,-0.32353811829076684
all,0.7225748383321514,0.605777825865591,0.6292449258482332,0.009491571942627081,0.034014959856458256,-0.0062604558360776705
